{"cameraMode":{"drawMode":0,"name":"Shaded","section":"Shading Mode"},"sceneLighting":false,"audioPlay":false,"sceneViewState":{"showFog":true,"showMaterialUpdate":false,"showSkybox":true,"showFlares":true,"showImageEffects":true,"showParticleSystems":true},"in2DMode":false,"pivot":{"x":-114.682373046875,"y":3.0546875,"z":-22.76904296875},"rotation":{"x":0.3872269093990326,"y":0.37282896041870119,"z":-0.17501913011074067,"w":0.8248770236968994},"size":196.63723754882813,"orthographic":true}