{"cameraMode":{"drawMode":0,"name":"Shaded","section":"Shading Mode"},"sceneLighting":false,"audioPlay":false,"sceneViewState":{"showFog":true,"showMaterialUpdate":false,"showSkybox":true,"showFlares":true,"showImageEffects":true,"showParticleSystems":true},"in2DMode":false,"pivot":{"x":17.004806518554689,"y":12.399612426757813,"z":-0.6582527160644531},"rotation":{"x":0.38406601548194888,"y":-0.2986699342727661,"z":0.13284091651439668,"w":0.8635066747665405},"size":67.15415954589844,"orthographic":false}