{"cameraMode":{"drawMode":0,"name":"Shaded","section":"Shading Mode"},"sceneLighting":false,"audioPlay":false,"sceneViewState":{"showFog":true,"showMaterialUpdate":false,"showSkybox":true,"showFlares":true,"showImageEffects":true,"showParticleSystems":true},"in2DMode":false,"pivot":{"x":-0.17804718017578126,"y":1.1906629800796509,"z":0.16193675994873048},"rotation":{"x":-0.07024704664945603,"y":0.9291911721229553,"z":-0.23924213647842408,"w":-0.27283862233161929},"size":4.709880352020264,"orthographic":false}